dataset,test_set,language_pair,metric,total_saved_annotations,mean_saved_annotations,num_valid_saving_pairs,num_retained_pair_metric_rows,num_original_pair_metric_rows,num_excluded_human_unreachable_pairs,ppsr,ppsr_num_pairs,num_retained_pairs,saving_rank,ppsr_rank
wmt22 en-de,wmt22,en-de,BERTScore-refA:seg,326.0,4.17948717948718,78,78,91,13,0.03455051261806351,78,78,19.0,20.0
wmt22 en-de,wmt22,en-de,BLEU-refA:seg,129.0,1.6538461538461537,78,78,91,13,0.013748241034329919,78,78,29.0,30.0
wmt22 en-de,wmt22,en-de,BLEURT-20-refA:seg,970.0,12.435897435897436,78,78,91,13,0.10841798333813002,78,78,8.0,8.0
wmt22 en-de,wmt22,en-de,COMET-20-refA:seg,771.0,9.884615384615385,78,78,91,13,0.09667888522083097,78,78,10.0,10.0
wmt22 en-de,wmt22,en-de,COMET-22-refA:seg,1178.0,15.102564102564102,78,78,91,13,0.14856731274315832,78,78,5.0,3.0
wmt22 en-de,wmt22,en-de,COMET-QE-src:seg,556.0,7.128205128205129,78,78,91,13,0.07105308546351896,78,78,14.0,14.0
wmt22 en-de,wmt22,en-de,COMETKiwi-src:seg,817.0,10.474358974358974,78,78,91,13,0.10808133674098024,78,78,9.0,9.0
wmt22 en-de,wmt22,en-de,Cross-QE-src:seg,677.0,8.679487179487179,78,78,91,13,0.09136106566207869,78,78,12.0,11.0
wmt22 en-de,wmt22,en-de,HWTSC-TLM-src:seg,131.0,1.6794871794871795,78,78,91,13,0.015027043353636334,78,78,28.0,29.0
wmt22 en-de,wmt22,en-de,HWTSC-Teacher-Sim-src:seg,226.0,2.8974358974358974,78,78,91,13,0.022550417025014223,78,78,23.0,24.0
wmt22 en-de,wmt22,en-de,KG-BERTScore-src:seg,138.0,1.7692307692307692,78,78,91,13,0.017121826416604362,78,78,27.0,28.0
wmt22 en-de,wmt22,en-de,MATESE-QE-src:seg,127.0,1.6282051282051282,78,78,91,13,0.033298606876212895,78,78,30.0,21.0
wmt22 en-de,wmt22,en-de,MATESE-refA:seg,280.0,3.58974358974359,78,78,91,13,0.05378775680728836,78,78,21.0,16.0
wmt22 en-de,wmt22,en-de,MEE-refA:seg,177.0,2.269230769230769,78,78,91,13,0.021076991034982596,78,78,25.0,25.0
wmt22 en-de,wmt22,en-de,MEE2-refA:seg,241.0,3.08974358974359,78,78,91,13,0.02837966436724651,78,78,22.0,22.0
wmt22 en-de,wmt22,en-de,MEE4-refA:seg,340.0,4.358974358974359,78,78,91,13,0.03623742674075155,78,78,18.0,19.0
wmt22 en-de,wmt22,en-de,MS-COMET-22-refA:seg,612.0,7.846153846153846,78,78,91,13,0.07145130428671952,78,78,13.0,13.0
wmt22 en-de,wmt22,en-de,MS-COMET-QE-22-src:seg,428.0,5.487179487179487,78,78,91,13,0.05291598868421316,78,78,16.0,17.0
wmt22 en-de,wmt22,en-de,REUSE-src:seg,4.0,0.05128205128205128,78,78,91,13,0.008573366915233067,78,78,31.0,31.0
wmt22 en-de,wmt22,en-de,SEScore-refA:seg,547.0,7.012820512820513,78,78,91,13,0.06597651311152537,78,78,15.0,15.0
wmt22 en-de,wmt22,en-de,UniTE-ref-refA:seg,1114.0,14.282051282051283,78,78,91,13,0.11836226069165573,78,78,7.0,7.0
wmt22 en-de,wmt22,en-de,UniTE-refA:seg,1152.0,14.76923076923077,78,78,91,13,0.12227813082354128,78,78,6.0,6.0
wmt22 en-de,wmt22,en-de,UniTE-src-src:seg,693.0,8.884615384615385,78,78,91,13,0.08905373832421942,78,78,11.0,12.0
wmt22 en-de,wmt22,en-de,YiSi-1-refA:seg,395.0,5.064102564102564,78,78,91,13,0.040213456326715004,78,78,17.0,18.0
wmt22 en-de,wmt22,en-de,chrF-refA:seg,285.0,3.6538461538461537,78,78,91,13,0.028361242808407343,78,78,20.0,23.0
wmt22 en-de,wmt22,en-de,f101spBLEU-refA:seg,164.0,2.1025641025641026,78,78,91,13,0.02034397854810024,78,78,26.0,27.0
wmt22 en-de,wmt22,en-de,f200spBLEU-refA:seg,199.0,2.551282051282051,78,78,91,13,0.02103594392749244,78,78,24.0,26.0
wmt22 en-de,wmt22,en-de,metricx_xl_DA_2019-refA:seg,1353.0,17.346153846153847,78,78,91,13,0.1459077608566425,78,78,1.0,4.0
wmt22 en-de,wmt22,en-de,metricx_xl_MQM_2020-refA:seg,1330.0,17.05128205128205,78,78,91,13,0.1632397229269886,78,78,3.0,1.0
wmt22 en-de,wmt22,en-de,metricx_xxl_DA_2019-refA:seg,1261.0,16.166666666666668,78,78,91,13,0.14208616247761932,78,78,4.0,5.0
wmt22 en-de,wmt22,en-de,metricx_xxl_MQM_2020-refA:seg,1345.0,17.243589743589745,78,78,91,13,0.1623308677531763,78,78,2.0,2.0
wmt22 en-ru,wmt22,en-ru,BERTScore-refA:seg,293.0,3.020618556701031,97,97,105,8,0.02549618714340727,97,97,16.0,19.0
wmt22 en-ru,wmt22,en-ru,BLEU-refA:seg,189.0,1.9484536082474226,97,97,105,8,0.01407746601161264,97,97,25.0,26.0
wmt22 en-ru,wmt22,en-ru,BLEURT-20-refA:seg,584.0,6.020618556701031,97,97,105,8,0.07150451475973288,97,97,8.0,9.0
wmt22 en-ru,wmt22,en-ru,COMET-20-refA:seg,518.0,5.34020618556701,97,97,105,8,0.06250631714821146,97,97,10.0,13.0
wmt22 en-ru,wmt22,en-ru,COMET-22-refA:seg,806.0,8.309278350515465,97,97,105,8,0.10610221781562829,97,97,5.0,3.0
wmt22 en-ru,wmt22,en-ru,COMET-QE-src:seg,374.0,3.8556701030927836,97,97,105,8,0.056872979827190084,97,97,14.0,15.0
wmt22 en-ru,wmt22,en-ru,COMETKiwi-src:seg,463.0,4.77319587628866,97,97,105,8,0.0681768454905252,97,97,11.0,10.0
wmt22 en-ru,wmt22,en-ru,Cross-QE-src:seg,398.0,4.103092783505154,97,97,105,8,0.06270043073126104,97,97,13.0,12.0
wmt22 en-ru,wmt22,en-ru,HWTSC-TLM-src:seg,91.0,0.9381443298969072,97,97,105,8,0.011578605211155214,97,97,29.0,29.0
wmt22 en-ru,wmt22,en-ru,HWTSC-Teacher-Sim-src:seg,103.0,1.0618556701030928,97,97,105,8,0.013094818884324276,97,97,28.0,28.0
wmt22 en-ru,wmt22,en-ru,KG-BERTScore-src:seg,112.0,1.1546391752577319,97,97,105,8,0.013647457724064473,97,97,27.0,27.0
wmt22 en-ru,wmt22,en-ru,MATESE-QE-src:seg,132.0,1.3608247422680413,97,97,105,8,0.0414005217949468,97,97,26.0,17.0
wmt22 en-ru,wmt22,en-ru,MATESE-refA:seg,229.0,2.3608247422680413,97,97,105,8,0.06313740651842303,97,97,19.0,11.0
wmt22 en-ru,wmt22,en-ru,MEE-refA:seg,210.0,2.1649484536082473,97,97,105,8,0.015805957609907672,97,97,23.0,25.0
wmt22 en-ru,wmt22,en-ru,MEE2-refA:seg,222.0,2.288659793814433,97,97,105,8,0.019240475143596735,97,97,20.0,22.0
wmt22 en-ru,wmt22,en-ru,MEE4-refA:seg,267.0,2.752577319587629,97,97,105,8,0.022654007297729917,97,97,18.0,20.0
wmt22 en-ru,wmt22,en-ru,MS-COMET-22-refA:seg,434.0,4.474226804123711,97,97,105,8,0.05916366384757911,97,97,12.0,14.0
wmt22 en-ru,wmt22,en-ru,MS-COMET-QE-22-src:seg,298.0,3.0721649484536084,97,97,105,8,0.047616042588713166,97,97,15.0,16.0
wmt22 en-ru,wmt22,en-ru,REUSE-src:seg,38.0,0.3917525773195876,97,97,105,8,0.005457595411138302,97,97,30.0,30.0
wmt22 en-ru,wmt22,en-ru,UniTE-ref-refA:seg,795.0,8.195876288659793,97,97,105,8,0.09435251596868903,97,97,6.0,6.0
wmt22 en-ru,wmt22,en-ru,UniTE-refA:seg,848.0,8.742268041237113,97,97,105,8,0.09948209117547752,97,97,3.0,4.0
wmt22 en-ru,wmt22,en-ru,UniTE-src-src:seg,520.0,5.360824742268041,97,97,105,8,0.0732403235725085,97,97,9.0,8.0
wmt22 en-ru,wmt22,en-ru,YiSi-1-refA:seg,287.0,2.9587628865979383,97,97,105,8,0.03400130580424107,97,97,17.0,18.0
wmt22 en-ru,wmt22,en-ru,chrF-refA:seg,217.0,2.2371134020618557,97,97,105,8,0.02050403043916976,97,97,22.0,21.0
wmt22 en-ru,wmt22,en-ru,f101spBLEU-refA:seg,208.0,2.1443298969072164,97,97,105,8,0.01852208881093216,97,97,24.0,24.0
wmt22 en-ru,wmt22,en-ru,f200spBLEU-refA:seg,221.0,2.2783505154639174,97,97,105,8,0.018569337739730296,97,97,21.0,23.0
wmt22 en-ru,wmt22,en-ru,metricx_xl_DA_2019-refA:seg,698.0,7.195876288659794,97,97,105,8,0.0893765670593545,97,97,7.0,7.0
wmt22 en-ru,wmt22,en-ru,metricx_xl_MQM_2020-refA:seg,920.0,9.484536082474227,97,97,105,8,0.13309695446606026,97,97,2.0,2.0
wmt22 en-ru,wmt22,en-ru,metricx_xxl_DA_2019-refA:seg,808.0,8.329896907216495,97,97,105,8,0.0965479842094131,97,97,4.0,5.0
wmt22 en-ru,wmt22,en-ru,metricx_xxl_MQM_2020-refA:seg,1027.0,10.587628865979381,97,97,105,8,0.13947825633685573,97,97,1.0,1.0
wmt22 zh-en,wmt22,zh-en,BERTScore-refA:seg,407.0,5.355263157894737,76,76,91,15,0.034685014962424515,76,76,16.0,17.0
wmt22 zh-en,wmt22,zh-en,BLEU-refA:seg,82.0,1.0789473684210527,76,76,91,15,0.0057876486420333035,76,76,27.0,30.0
wmt22 zh-en,wmt22,zh-en,BLEURT-20-refA:seg,678.0,8.921052631578947,76,76,91,15,0.05388623282551534,76,76,10.0,12.0
wmt22 zh-en,wmt22,zh-en,COMET-20-refA:seg,450.0,5.921052631578948,76,76,91,15,0.03947131960689659,76,76,15.0,16.0
wmt22 zh-en,wmt22,zh-en,COMET-22-refA:seg,1139.0,14.986842105263158,76,76,91,15,0.0993344863814254,76,76,1.0,1.0
wmt22 zh-en,wmt22,zh-en,COMET-QE-src:seg,452.0,5.947368421052632,76,76,91,15,0.042577806596577124,76,76,14.0,14.0
wmt22 zh-en,wmt22,zh-en,COMETKiwi-src:seg,686.0,9.026315789473685,76,76,91,15,0.0726875892892665,76,76,9.0,6.0
wmt22 zh-en,wmt22,zh-en,Cross-QE-src:seg,579.0,7.618421052631579,76,76,91,15,0.06171359398099472,76,76,11.0,9.0
wmt22 zh-en,wmt22,zh-en,HWTSC-TLM-src:seg,5.0,0.06578947368421052,76,76,91,15,0.00634392694738664,76,76,30.0,29.0
wmt22 zh-en,wmt22,zh-en,HWTSC-Teacher-Sim-src:seg,29.0,0.3815789473684211,76,76,91,15,0.01178623198744168,76,76,28.0,23.0
wmt22 zh-en,wmt22,zh-en,KG-BERTScore-src:seg,21.0,0.27631578947368424,76,76,91,15,0.009941235812132836,76,76,29.0,25.0
wmt22 zh-en,wmt22,zh-en,MATESE-QE-src:seg,278.0,3.6578947368421053,76,76,91,15,0.04252743309981802,76,76,20.0,15.0
wmt22 zh-en,wmt22,zh-en,MATESE-refA:seg,509.0,6.697368421052632,76,76,91,15,0.059617748650417,76,76,12.0,10.0
wmt22 zh-en,wmt22,zh-en,MEE-refA:seg,116.0,1.5263157894736843,76,76,91,15,0.00842999048452972,76,76,25.0,26.0
wmt22 zh-en,wmt22,zh-en,MEE2-refA:seg,217.0,2.8552631578947367,76,76,91,15,0.014396702876285168,76,76,22.0,22.0
wmt22 zh-en,wmt22,zh-en,MEE4-refA:seg,284.0,3.736842105263158,76,76,91,15,0.02014366524249958,76,76,19.0,21.0
wmt22 zh-en,wmt22,zh-en,MS-COMET-22-refA:seg,355.0,4.671052631578948,76,76,91,15,0.025441564483673965,76,76,18.0,19.0
wmt22 zh-en,wmt22,zh-en,MS-COMET-QE-22-src:seg,274.0,3.6052631578947367,76,76,91,15,0.023585442163130913,76,76,21.0,20.0
wmt22 zh-en,wmt22,zh-en,REUSE-src:seg,-93.0,-1.2236842105263157,76,76,91,15,0.001196603744722793,76,76,31.0,31.0
wmt22 zh-en,wmt22,zh-en,SEScore-refA:seg,486.0,6.394736842105263,76,76,91,15,0.04982338734737442,76,76,13.0,13.0
wmt22 zh-en,wmt22,zh-en,UniTE-ref-refA:seg,959.0,12.618421052631579,76,76,91,15,0.06900610345435614,76,76,6.0,7.0
wmt22 zh-en,wmt22,zh-en,UniTE-refA:seg,1027.0,13.513157894736842,76,76,91,15,0.07269674715969743,76,76,4.0,5.0
wmt22 zh-en,wmt22,zh-en,UniTE-src-src:seg,711.0,9.355263157894736,76,76,91,15,0.05692907648953114,76,76,8.0,11.0
wmt22 zh-en,wmt22,zh-en,YiSi-1-refA:seg,403.0,5.302631578947368,76,76,91,15,0.03218108596831646,76,76,17.0,18.0
wmt22 zh-en,wmt22,zh-en,chrF-refA:seg,156.0,2.0526315789473686,76,76,91,15,0.010296751585647712,76,76,23.0,24.0
wmt22 zh-en,wmt22,zh-en,f101spBLEU-refA:seg,117.0,1.5394736842105263,76,76,91,15,0.0073138344823139665,76,76,24.0,28.0
wmt22 zh-en,wmt22,zh-en,f200spBLEU-refA:seg,102.0,1.3421052631578947,76,76,91,15,0.007367878354603166,76,76,26.0,27.0
wmt22 zh-en,wmt22,zh-en,metricx_xl_DA_2019-refA:seg,1024.0,13.473684210526315,76,76,91,15,0.07340200004480964,76,76,5.0,4.0
wmt22 zh-en,wmt22,zh-en,metricx_xl_MQM_2020-refA:seg,1131.0,14.881578947368421,76,76,91,15,0.09684921980783039,76,76,2.0,2.0
wmt22 zh-en,wmt22,zh-en,metricx_xxl_DA_2019-refA:seg,911.0,11.986842105263158,76,76,91,15,0.06717186925990574,76,76,7.0,8.0
wmt22 zh-en,wmt22,zh-en,metricx_xxl_MQM_2020-refA:seg,1106.0,14.552631578947368,76,76,91,15,0.09188136245588512,76,76,3.0,3.0
wmt23 en-zh,wmt23,en-zh,BERTscore-refA:seg,292.0,3.395348837209302,86,86,105,19,0.13274036678465576,86,86,14.0,15.0
wmt23 en-zh,wmt23,en-zh,BLEU-refA:seg,75.0,0.872093023255814,86,86,105,19,0.002967416703373772,86,86,33.0,33.0
wmt23 en-zh,wmt23,en-zh,BLEURT-20-refA:seg,399.0,4.6395348837209305,86,86,105,19,0.16337744399219575,86,86,6.0,8.0
wmt23 en-zh,wmt23,en-zh,COMET-refA:seg,388.0,4.511627906976744,86,86,105,19,0.17456625247933336,86,86,7.0,5.0
wmt23 en-zh,wmt23,en-zh,CometKiwi-XL-src:seg,582.0,6.767441860465116,86,86,105,19,0.18458152311092682,86,86,1.0,3.0
wmt23 en-zh,wmt23,en-zh,CometKiwi-XXL-src:seg,515.0,5.988372093023256,86,86,105,19,0.16826777840060056,86,86,4.0,7.0
wmt23 en-zh,wmt23,en-zh,CometKiwi-src:seg,520.0,6.046511627906977,86,86,105,19,0.2155999742957045,86,86,3.0,1.0
wmt23 en-zh,wmt23,en-zh,GEMBA-MQM-src:seg,327.0,3.802325581395349,86,86,105,19,0.10345718934859165,86,86,11.0,17.0
wmt23 en-zh,wmt23,en-zh,KG-BERTScore-src:seg,524.0,6.093023255813954,86,86,105,19,0.21558169729420282,86,86,2.0,2.0
wmt23 en-zh,wmt23,en-zh,MS-COMET-QE-22-src:seg,381.0,4.430232558139535,86,86,105,19,0.18241681973373772,86,86,8.0,4.0
wmt23 en-zh,wmt23,en-zh,MetricX-23-QE-b-src:seg,189.0,2.197674418604651,86,86,105,19,0.08842073641137434,86,86,26.0,20.0
wmt23 en-zh,wmt23,en-zh,MetricX-23-QE-c-src:seg,319.0,3.7093023255813953,86,86,105,19,0.08602605133135373,86,86,12.0,21.0
wmt23 en-zh,wmt23,en-zh,MetricX-23-QE-src:seg,166.0,1.930232558139535,86,86,105,19,0.07599559928782076,86,86,29.0,23.0
wmt23 en-zh,wmt23,en-zh,MetricX-23-b-refA:seg,242.0,2.813953488372093,86,86,105,19,0.07480753793215282,86,86,19.0,24.0
wmt23 en-zh,wmt23,en-zh,MetricX-23-c-refA:seg,187.0,2.1744186046511627,86,86,105,19,0.1346846151264322,86,86,27.0,14.0
wmt23 en-zh,wmt23,en-zh,MetricX-23-refA:seg,229.0,2.6627906976744184,86,86,105,19,0.0691756756742834,86,86,21.0,25.0
wmt23 en-zh,wmt23,en-zh,Random-sysname-src:seg,68.0,0.7906976744186046,86,86,105,19,0.0008977996359980622,86,86,34.0,34.0
wmt23 en-zh,wmt23,en-zh,XCOMET-Ensemble-refA:seg,411.0,4.77906976744186,86,86,105,19,0.1264336780797592,86,86,5.0,16.0
wmt23 en-zh,wmt23,en-zh,XCOMET-QE-Ensemble-src:seg,338.0,3.9302325581395348,86,86,105,19,0.09796490966128148,86,86,10.0,18.0
wmt23 en-zh,wmt23,en-zh,XCOMET-XL-refA:seg,232.0,2.697674418604651,86,86,105,19,0.050042663484380884,86,86,20.0,27.0
wmt23 en-zh,wmt23,en-zh,XCOMET-XXL-refA:seg,206.0,2.395348837209302,86,86,105,19,0.060842975927069,86,86,23.0,26.0
wmt23 en-zh,wmt23,en-zh,XLsim-refA:seg,252.0,2.9302325581395348,86,86,105,19,0.14594285916909067,86,86,18.0,10.0
wmt23 en-zh,wmt23,en-zh,YiSi-1-refA:seg,301.0,3.5,86,86,105,19,0.14457740439732117,86,86,13.0,11.0
wmt23 en-zh,wmt23,en-zh,chrF-refA:seg,175.0,2.0348837209302326,86,86,105,19,0.04218326950128792,86,86,28.0,30.0
wmt23 en-zh,wmt23,en-zh,cometoid22-wmt21-src:seg,265.0,3.0813953488372094,86,86,105,19,0.14174859398791578,86,86,17.0,12.0
wmt23 en-zh,wmt23,en-zh,cometoid22-wmt22-src:seg,275.0,3.197674418604651,86,86,105,19,0.1473962135045586,86,86,15.0,9.0
wmt23 en-zh,wmt23,en-zh,cometoid22-wmt23-src:seg,351.0,4.0813953488372094,86,86,105,19,0.1729276465239277,86,86,9.0,6.0
wmt23 en-zh,wmt23,en-zh,eBLEU-refA:seg,117.0,1.3604651162790697,86,86,105,19,0.012942333449408004,86,86,32.0,32.0
wmt23 en-zh,wmt23,en-zh,embed_llama-refA:seg,127.0,1.4767441860465116,86,86,105,19,0.03400218155757727,86,86,31.0,31.0
wmt23 en-zh,wmt23,en-zh,f200spBLEU-refA:seg,193.0,2.244186046511628,86,86,105,19,0.044681807320078204,86,86,25.0,29.0
wmt23 en-zh,wmt23,en-zh,mre-score-labse-regular-refA:seg,220.0,2.558139534883721,86,86,105,19,0.09767686657073858,86,86,22.0,19.0
wmt23 en-zh,wmt23,en-zh,prismRef-refA:seg,275.0,3.197674418604651,86,86,105,19,0.13855515088037867,86,86,15.0,13.0
wmt23 en-zh,wmt23,en-zh,prismSrc-src:seg,153.0,1.7790697674418605,86,86,105,19,0.08600586553162061,86,86,30.0,22.0
wmt23 en-zh,wmt23,en-zh,tokengram_F-refA:seg,196.0,2.2790697674418605,86,86,105,19,0.04850679289559138,86,86,24.0,28.0
wmt23 ja-en,wmt23,ja-en,BERTscore-refA:seg,685.0,5.756302521008403,119,119,136,17,0.060327801226490514,119,119,14.0,18.0
wmt23 ja-en,wmt23,ja-en,BLEU-refA:seg,270.0,2.26890756302521,119,119,136,17,0.0165059420369118,119,119,31.0,32.0
wmt23 ja-en,wmt23,ja-en,BLEURT-20-refA:seg,1129.0,9.487394957983193,119,119,136,17,0.09813587271834037,119,119,2.0,3.0
wmt23 ja-en,wmt23,ja-en,COMET-refA:seg,1108.0,9.3109243697479,119,119,136,17,0.10131486968407108,119,119,3.0,2.0
wmt23 ja-en,wmt23,ja-en,CometKiwi-XL-src:seg,1016.0,8.53781512605042,119,119,136,17,0.08831422462030018,119,119,4.0,8.0
wmt23 ja-en,wmt23,ja-en,CometKiwi-XXL-src:seg,1134.0,9.529411764705882,119,119,136,17,0.10538100474801744,119,119,1.0,1.0
wmt23 ja-en,wmt23,ja-en,CometKiwi-src:seg,998.0,8.38655462184874,119,119,136,17,0.09567681993914023,119,119,5.0,5.0
wmt23 ja-en,wmt23,ja-en,GEMBA-MQM-src:seg,732.0,6.151260504201681,119,119,136,17,0.06579181192170326,119,119,13.0,16.0
wmt23 ja-en,wmt23,ja-en,KG-BERTScore-src:seg,997.0,8.378151260504202,119,119,136,17,0.0956941683588387,119,119,6.0,4.0
wmt23 ja-en,wmt23,ja-en,MS-COMET-QE-22-src:seg,636.0,5.34453781512605,119,119,136,17,0.06743006070117169,119,119,17.0,14.0
wmt23 ja-en,wmt23,ja-en,MaTESe-refA:seg,150.0,1.2605042016806722,119,119,136,17,0.014137388244336125,119,119,33.0,33.0
wmt23 ja-en,wmt23,ja-en,MetricX-23-QE-b-src:seg,601.0,5.050420168067227,119,119,136,17,0.061325931120679626,119,119,20.0,17.0
wmt23 ja-en,wmt23,ja-en,MetricX-23-QE-c-src:seg,749.0,6.294117647058823,119,119,136,17,0.06631731168161017,119,119,10.0,15.0
wmt23 ja-en,wmt23,ja-en,MetricX-23-QE-src:seg,481.0,4.042016806722689,119,119,136,17,0.04689717630895582,119,119,27.0,23.0
wmt23 ja-en,wmt23,ja-en,MetricX-23-b-refA:seg,584.0,4.907563025210084,119,119,136,17,0.050216208819755186,119,119,22.0,22.0
wmt23 ja-en,wmt23,ja-en,MetricX-23-c-refA:seg,771.0,6.4789915966386555,119,119,136,17,0.09155243081037331,119,119,9.0,6.0
wmt23 ja-en,wmt23,ja-en,MetricX-23-refA:seg,484.0,4.067226890756302,119,119,136,17,0.0439587986221542,119,119,26.0,27.0
wmt23 ja-en,wmt23,ja-en,Random-sysname-src:seg,26.0,0.2184873949579832,119,119,136,17,0.0007247418210355363,119,119,34.0,35.0
wmt23 ja-en,wmt23,ja-en,XCOMET-Ensemble-refA:seg,960.0,8.067226890756302,119,119,136,17,0.08431059321187834,119,119,7.0,9.0
wmt23 ja-en,wmt23,ja-en,XCOMET-QE-Ensemble-src:seg,646.0,5.428571428571429,119,119,136,17,0.055888365399435175,119,119,16.0,21.0
wmt23 ja-en,wmt23,ja-en,XCOMET-XL-refA:seg,486.0,4.084033613445378,119,119,136,17,0.045162181681385354,119,119,25.0,25.0
wmt23 ja-en,wmt23,ja-en,XCOMET-XXL-refA:seg,622.0,5.226890756302521,119,119,136,17,0.056565169000249896,119,119,18.0,20.0
wmt23 ja-en,wmt23,ja-en,XLsim-refA:seg,590.0,4.957983193277311,119,119,136,17,0.05824996865929447,119,119,21.0,19.0
wmt23 ja-en,wmt23,ja-en,YiSi-1-refA:seg,746.0,6.26890756302521,119,119,136,17,0.0703676270355333,119,119,11.0,12.0
wmt23 ja-en,wmt23,ja-en,chrF-refA:seg,523.0,4.394957983193278,119,119,136,17,0.0458653915831705,119,119,23.0,24.0
wmt23 ja-en,wmt23,ja-en,cometoid22-wmt21-src:seg,619.0,5.201680672268908,119,119,136,17,0.07250637955509576,119,119,19.0,11.0
wmt23 ja-en,wmt23,ja-en,cometoid22-wmt22-src:seg,655.0,5.504201680672269,119,119,136,17,0.07455782653489587,119,119,15.0,10.0
wmt23 ja-en,wmt23,ja-en,cometoid22-wmt23-src:seg,875.0,7.352941176470588,119,119,136,17,0.09070992087083699,119,119,8.0,7.0
wmt23 ja-en,wmt23,ja-en,eBLEU-refA:seg,343.0,2.8823529411764706,119,119,136,17,0.028965838683031618,119,119,29.0,29.0
wmt23 ja-en,wmt23,ja-en,embed_llama-refA:seg,237.0,1.9915966386554622,119,119,136,17,0.01679650345055834,119,119,32.0,31.0
wmt23 ja-en,wmt23,ja-en,f200spBLEU-refA:seg,319.0,2.680672268907563,119,119,136,17,0.022304884744762984,119,119,30.0,30.0
wmt23 ja-en,wmt23,ja-en,mre-score-labse-regular-refA:seg,377.0,3.168067226890756,119,119,136,17,0.032802117343750194,119,119,28.0,28.0
wmt23 ja-en,wmt23,ja-en,prismRef-refA:seg,734.0,6.168067226890757,119,119,136,17,0.06793900699416991,119,119,12.0,13.0
wmt23 ja-en,wmt23,ja-en,prismSrc-src:seg,-18.0,-0.15126050420168066,119,119,136,17,0.005739928497139695,119,119,35.0,34.0
wmt23 ja-en,wmt23,ja-en,tokengram_F-refA:seg,507.0,4.260504201680672,119,119,136,17,0.044565306457518446,119,119,24.0,26.0
wmt24 cs-uk,wmt24,cs-uk,BERTScore-refA:seg,706.0,15.347826086956522,46,46,55,9,0.0806573400496453,46,46,10.0,10.0
wmt24 cs-uk,wmt24,cs-uk,BLEU-refA:seg,311.0,6.760869565217392,46,46,55,9,0.043117813148266536,46,46,19.0,20.0
wmt24 cs-uk,wmt24,cs-uk,BLEURT-20-refA:seg,807.0,17.543478260869566,46,46,55,9,0.11166470310234435,46,46,7.0,5.0
wmt24 cs-uk,wmt24,cs-uk,COMET-22-refA:seg,904.0,19.652173913043477,46,46,55,9,0.11438021517236076,46,46,2.0,3.0
wmt24 cs-uk,wmt24,cs-uk,CometKiwi-XXL-src:seg,169.0,3.6739130434782608,46,46,55,9,0.021373521731968367,46,46,23.0,24.0
wmt24 cs-uk,wmt24,cs-uk,CometKiwi-src:seg,226.0,4.913043478260869,46,46,55,9,0.02563285998826207,46,46,21.0,22.0
wmt24 cs-uk,wmt24,cs-uk,MetricX-24-Hybrid-QE-src:seg,323.0,7.021739130434782,46,46,55,9,0.04604509317362634,46,46,18.0,18.0
wmt24 cs-uk,wmt24,cs-uk,MetricX-24-Hybrid-refA:seg,841.0,18.282608695652176,46,46,55,9,0.10902383007748526,46,46,6.0,6.0
wmt24 cs-uk,wmt24,cs-uk,MetricX-24-QE-src:seg,294.0,6.391304347826087,46,46,55,9,0.04473290321199821,46,46,20.0,19.0
wmt24 cs-uk,wmt24,cs-uk,MetricX-24-refA:seg,955.0,20.76086956521739,46,46,55,9,0.12906452075174235,46,46,1.0,1.0
wmt24 cs-uk,wmt24,cs-uk,PrismRefMedium-refA:seg,845.0,18.369565217391305,46,46,55,9,0.11648663726552977,46,46,4.0,2.0
wmt24 cs-uk,wmt24,cs-uk,PrismRefSmall-refA:seg,797.0,17.32608695652174,46,46,55,9,0.11209621322865526,46,46,8.0,4.0
wmt24 cs-uk,wmt24,cs-uk,XCOMET-QE-src:seg,194.0,4.217391304347826,46,46,55,9,0.027684539617059724,46,46,22.0,21.0
wmt24 cs-uk,wmt24,cs-uk,XCOMET-refA:seg,482.0,10.478260869565217,46,46,55,9,0.06352903201522374,46,46,15.0,15.0
wmt24 cs-uk,wmt24,cs-uk,XLsimDA-src:seg,20.0,0.43478260869565216,46,46,55,9,0.010361543767637415,46,46,25.0,25.0
wmt24 cs-uk,wmt24,cs-uk,YiSi-1-refA:seg,543.0,11.804347826086957,46,46,55,9,0.07347843872214818,46,46,13.0,13.0
wmt24 cs-uk,wmt24,cs-uk,chrF-refA:seg,686.0,14.91304347826087,46,46,55,9,0.07986891969358424,46,46,11.0,11.0
wmt24 cs-uk,wmt24,cs-uk,chrfS-refA:seg,714.0,15.521739130434783,46,46,55,9,0.09369756189758179,46,46,9.0,9.0
wmt24 cs-uk,wmt24,cs-uk,damonmonli-refA:seg,563.0,12.23913043478261,46,46,55,9,0.07845596484332282,46,46,12.0,12.0
wmt24 cs-uk,wmt24,cs-uk,gemba_esa-src:seg,507.0,11.021739130434783,46,46,55,9,0.07030988445307203,46,46,14.0,14.0
wmt24 cs-uk,wmt24,cs-uk,metametrics_mt_mqm_hybrid_kendall-refA:seg,843.0,18.32608695652174,46,46,55,9,0.10591707590896011,46,46,5.0,8.0
wmt24 cs-uk,wmt24,cs-uk,metametrics_mt_mqm_kendall-refA:seg,861.0,18.717391304347824,46,46,55,9,0.1068101322788796,46,46,3.0,7.0
wmt24 cs-uk,wmt24,cs-uk,metametrics_mt_mqm_qe_kendall.seg.s-src:seg,81.0,1.7608695652173914,46,46,55,9,0.021403130309784774,46,46,24.0,23.0
wmt24 cs-uk,wmt24,cs-uk,monmonli-refA:seg,433.0,9.41304347826087,46,46,55,9,0.05643527219367369,46,46,16.0,16.0
wmt24 cs-uk,wmt24,cs-uk,spBLEU-refA:seg,404.0,8.782608695652174,46,46,55,9,0.054608345211547143,46,46,17.0,17.0
